Episode,Title
S1929E1,Bosko the Talk-Ink Kid
S1930E1,Sinkin' in the Bathtub
S1930E2,Congo Jazz
S1930E3,Hold Anything
S1930E4,The Booze Hangs High
S1930E5,BECar Blues
S1931E1,Big Man from the North
S1931E2,Ain't Nature Grand
S1931E3,Ups 'n Downs
S1931E4,Dumb Patrol
S1931E5,Yodeling Yokels
S1931E6,Bosko's Holiday
S1931E7,The Tree's Knees
S1931E8,Lady, Play Your Mandolin!
S1931E9,Smile, Darn Ya, Smile!
S1931E10,Bosko Shipwrecked!
S1931E11,One More Time
S1931E12,Bosko the Doughboy
S1931E13,You Don't Know What You're Doin'!
S1931E14,Bosko's Soda Fountain
S1931E15,Hittin' the Trail for Hallelujah Land
S1931E16,Bosko's FEHunt
S1931E17,Red-Headed Baby
S1932E1,Bosko at the Zoo
S1932E2,Pagan Moon
S1932E3,Battling Bosko
S1932E4,Freddy the Freshman
S1932E5,Big-Hearted Bosko
S1932E6,Crosby, Columbo, and Vallee
S1932E7,Bosko's Party
S1932E8,Goopy Geer
S1932E9,Bosko and Bruno
S1932E10,It's Got Me Again!
S1932E11,Bosko and Honey
S1932E12,Moonlight for Two
S1932E13,Bosko's Dog Race
S1932E14,The Queen was in the Parlor
S1932E15,Bosko at the Beach
S1932E16,I Love a Parade
S1932E17,Bosko's Store
S1932E18,Bosko the Lumberjack
S1932E19,You're Too Careless with Your Kisses!
S1932E20,Ride Him, Bosko!
S1932E21,I Wish I Had Wings
S1932E22,Bosko the Drawback
S1932E23,A Great Big Bunch of You
S1932E24,Bosko's Dizzy Date
S1932E25,Three's a Crowd
S1932E26,Bosko's Woodland Daze
S1933E1,The Shanty Where Santy Claus Lives
S1933E2,Bosko in Dutch
S1933E3,One Step Ahead of My Shadow
S1933E4,Bosko in Person
S1933E5,Young and Healthy
S1933E6,Bosko the Speed King
S1933E7,The Organ Grinder
S1933E8,Wake Up the Gypsy in Me
S1933E9,Bosko's Knight-Mare
S1933E10,I Like Mountain Music
S1933E11,Bosko the Sheep-Herder
S1933E12,Beau Bosko
S1933E13,Shuffle Off to Buffalo
S1933E14,The Dish Ran Away with the Spoon
S1933E15,We're in the Money
S1933E16,Bosko's Picture Show
S1933E17,Buddy's Day Out
S1933E18,Bosko the Musketeer
S1933E19,I've Got to Sing a Torch Song
S1933E20,Bosko's Mechanical Man
S1933E21,Buddy's Beer Garden
S1933E22,Buddy's Show Boat
S1933E23,Sittin' on a Backyard Fence
S1934E1,Buddy the Gob
S1934E2,Pettin' in the Park
S1934E3,Honeymoon Hotel
S1934E4,Buddy and Towser
S1934E5,Buddy's Garage
S1934E6,Beauty and the Beast
S1934E7,Those Were Wonderful Days
S1934E8,Buddy's Trolley Troubles
S1934E9,Goin' to Heaven on a Mule
S1934E10,Buddy of the Apes
S1934E11,How Do I Know It's Sunday
S1934E12,Buddy's Bearcats
S1934E13,Why Do I Dream Those Dreams
S1934E14,The Girl at the Ironing Board
S1934E15,The Miller's Daughter
S1934E16,Shake Your Powder Puff
S1934E17,Buddy the Detective
S1934E18,Rhythm in the Bow
S1934E19,Buddy the Woodsman
S1934E20,Buddy's Circus
S1934E21,Those Beautiful Dames
S1934E22,Buddy's Adventures
S1934E23,Pop Goes Your Heart
S1934E24,Viva Buddy
S1934E25,Buddy the Dentist
S1935E1,Mr. and Mrs. Is the Name
S1935E2,Country Boy
S1935E3,Buddy's Theatre
S1935E4,I Haven't Got a Hat
S1935E5,Buddy's Pony Eress
S1935E6,Buddy of the Legion
S1935E7,Along Flirtation Walk
S1935E8,My Green Fedora
S1935E9,Buddy's Lost World
S1935E10,Into Your Dance
S1935E11,Buddy's Bug Hunt
S1935E12,Buddy in Africa
S1935E13,Country Mouse
S1935E14,Buddy Steps Out
S1935E15,The Merry Old Soul
S1935E16,Buddy the Gee Man
S1935E17,The Lady in Red
S1935E18,A Cartoonist's Nightmare
S1935E19,Little Dutch Plate
S1935E20,Hollywood Capers
S1935E21,Gold Diggers of '49
S1935E22,Billboard Frolics
S1935E23,Flowers for Madame
S1936E1,I Wanna Play House
S1936E2,The Phantom Ship
S1936E3,The Cat Came Back
S1936E4,Boom Boom
S1936E5,Page Miss Glory
S1936E6,Alpine Antics
S1936E7,The Fire Alarm
S1936E8,The Blow Out
S1936E9,I'm a Big Shot Now
S1936E10,Westward Whoa
S1936E11,Plane Dippy
S1936E12,Let It Be Me
S1936E13,I'd Love to Take Orders from You
S1936E14,Fish Tales
S1936E15,Bingo Crosbyana
S1936E16,Shanghaied Shipmates
S1936E17,When I Yoo Hoo
S1936E18,Porky's Pet
S1936E19,I Love to Singa
S1936E20,Porky the Rain-Maker
S1936E21,Sunday Go to Meetin' Time
S1936E22,Porky's Poultry Plant
S1936E23,At Your Service Madame
S1936E24,Porky's Moving Day
S1936E25,Toy Town Hall
S1936E26,Milk and Money
S1936E27,Boulevardier from the Bronx
S1936E28,Don't Look Now
S1936E29,Little Beau Porky
S1936E30,The CooCoo Nut Grove
S1936E31,The Village Smithy
S1936E32,Porky in the North Woods
S1937E1,He Was Her Man
S1937E2,Porky the Wrestler
S1937E3,Pigs Is Pigs
S1937E4,Porky's Road Race
S1937E5,Picador Porky
S1937E6,I Only Have Eyes for You
S1937E7,The Fella with a Fiddle
S1937E8,Porky's Romance
S1937E9,She Was an Acrobat's Daughter
S1937E10,Porky's Duck Hunt
S1937E11,Ain't We Got Fun
S1937E12,Porky and Gabby
S1937E13,Clean Pastures
S1937E14,Uncle Tom's Bungalow
S1937E15,Porky's Building
S1937E16,Streamlined Greta Green
S1937E17,Sweet Sioux
S1937E18,Porky's Super Service
S1937E19,Egghead Rides Again
S1937E20,Porky's Badtime Story
S1937E21,Plenty of Money and You
S1937E22,Porky's Railroad
S1937E23,A Sunbonnet Blue
S1937E24,Get Rich Quick Porky
S1937E25,Speaking of the Weather
S1937E26,Porky's Garden
S1937E27,Dog Daze
S1937E28,I Wanna Be a Sailor
S1937E29,Rover's Rival
S1937E30,The Lyin' Mouse
S1937E31,The Case of the Stuttering Pig
S1937E32,Little Red Walking Hood
S1937E33,Porky's Double Trouble
S1937E34,The Woods Are Full of Cuckoos
S1937E35,Porky's Hero Agency
S1937E36,September in the Rain
S1938E1,Daffy Duck & Egghead
S1938E2,Porky's Poppa
S1938E3,My Little Buckeroo
S1938E4,Porky at the Crocadero
S1938E5,Jungle Jitters
S1938E6,What Price Porky
S1938E7,The Sneezing Weasel
S1938E8,Porky's Phoney Eress
S1938E9,A Star Is Hatched
S1938E10,Porky's Five & Ten
S1938E11,The Penguin Parade
S1938E12,Porky's Hare Hunt
S1938E13,Now That Summer Is Gone
S1938E14,Injun Trouble
S1938E15,The Isle of Pingo Pongo
S1938E16,Porky the Fireman
S1938E17,Katnip Kollege
S1938E18,Porky's Party
S1938E19,Have You Got Any Castles?
S1938E20,Love and Curses
S1938E21,Cinderella Meets Fella
S1938E22,Porky's Spring Planting
S1938E23,Porky & Daffy
S1938E24,The Major Lied 'Til Dawn
S1938E25,Wholly Smoke
S1938E26,A-Lad-In Bagdad
S1938E27,Cracked Ice
S1938E28,A Feud There Was
S1938E29,Porky in Wackyland
S1938E30,Little Pancho Vanilla
S1938E31,Porky's Naughty Nephew
S1938E32,Johnny Smith and Poker-Huntas
S1938E33,Porky in Egypt
S1938E34,You're an Education
S1938E35,The Night Watchman
S1938E36,The Daffy Doc
S1938E37,Daffy Duck in Hollywood
S1938E38,Porky the Gob
S1938E39,Count Me Out
S1938E40,The Mice Will Play
S1939E1,The Lone Stranger and Porky
S1939E2,Dog Gone Modern
S1939E3,It's an Ill Wind
S1939E4,Hamateur Night
S1939E5,Robin Hood Makes Good
S1939E6,Porky's Tire Trouble
S1939E7,Gold Rush Daze
S1939E8,A Day at the Zoo
S1939E9,Porky's Movie Mystery
S1939E10,Prest-O Change-O
S1939E11,Chicken Jitters
S1939E12,Bars and Stripes Forever
S1939E13,Daffy Duck and the Dinosaur
S1939E14,Porky and Teabiscuit
S1939E15,Thugs with Dirty Mugs
S1939E16,Kristopher Kolumbus Jr.
S1939E17,Naughty But Mice
S1939E18,Believe It or Else
S1939E19,Polar Pals
S1939E20,Hobo Gadget Band
S1939E21,Scalp Trouble
S1939E22,Old Glory
S1939E23,Porky's Picnic
S1939E24,Dangerous Dan McFoo
S1939E25,Snowman's Land
S1939E26,Wise Quacks
S1939E27,Hare-um Scare-um
S1939E28,Detouring America
S1939E29,Little Brother Rat
S1939E30,Porky's Hotel
S1939E31,SioEMe
S1939E32,Land of the Midnight Fun
S1939E33,Jeepers Creepers
S1939E34,Naughty Neighbors
S1939E35,The Little Lion Hunter
S1939E36,The Good Egg
S1939E37,Pied Piper Porky
S1939E38,Fresh Fish
S1939E39,Fagin's Freshman
S1939E40,Porky the Giant Killer
S1939E41,Sniffles and the Bookworm
S1939E42,Screwball Football
S1939E43,The Film Fan
S1939E44,The Curious Puppy
S1940E1,Porky's Last Stand
S1940E2,The Early Worm Gets the Bird
S1940E3,Africa Squeaks
S1940E4,Mighty Hunters
S1940E5,Busy Bakers
S1940E6,Ali-Baba Bound
S1940E7,Elmer's Candid Camera
S1940E8,Pilgrim Porky
S1940E9,Cross Country Detours
S1940E10,Confederate Honey
S1940E11,The Bear's Tale
S1940E12,Slap Happy Pappy
S1940E13,Porky's Poor Fish
S1940E14,The Hardship of Miles Standish
S1940E15,Sniffles Takes a Trip
S1940E16,You Ought to Be in Pictures
S1940E17,A Gander at Mother Goose
S1940E18,Tom Thumb in Trouble
S1940E19,The Chewin' Bruin
S1940E20,Circus Today
S1940E21,Little Blabbermouse
S1940E22,Porky's Baseball Broadcast
S1940E23,The Egg Collector
S1940E24,A Wild Hare
S1940E25,Ghost Wanted
S1940E26,Patient Porky
S1940E27,Ceiling Hero
S1940E28,Malibu Beach Party
S1940E29,Calling Dr. Porky
S1940E30,Stage Fright
S1940E31,Prehistoric Porky
S1940E32,Holiday Highlights
S1940E33,Good Night Elmer
S1940E34,The Sour Puss
S1940E35,Wacky Wildlife
S1940E36,Bedtime for Sniffles
S1940E37,Porky's Hired Hand
S1940E38,Of FEand Hounds
S1940E39,The Timid Toreador
S1940E40,Shop Look & Listen
S1941E1,Elmer's Pet Rabbit
S1941E2,Porky's Snooze Reel
S1941E3,The Fighting 69½th
S1941E4,Sniffles Bells the Cat
S1941E5,The Haunted Mouse
S1941E6,The Crackpot Quail
S1941E7,The Cat's Tale
S1941E8,Joe Glow, the Firefly
S1941E9,Tortoise Beats Hare
S1941E10,Porky's Bear Facts
S1941E11,Goofy Groceries
S1941E12,Toy Trouble
S1941E13,Porky's Preview
S1941E14,The Trial of Mr. Wolf
S1941E15,Porky's Ant
S1941E16,Farm Frolics
S1941E17,Hollywood Steps Out
S1941E18,A Coy Decoy
S1941E19,Hiawatha's Rabbit Hunt
S1941E20,Porky's Prize Pony
S1941E21,The Wacky Worm
S1941E22,Meet John Doughboy
S1941E23,The Heckling Hare
S1941E24,Inki and the Lion
S1941E25,Aviation Vacation
S1941E26,We, the Animals- Squeak!
S1941E27,Sport Chumpions
S1941E28,The Henpecked Duck
S1941E29,Snowtime for Comedy
S1941E30,All This and Rabbit Stew
S1941E31,Notes to You
S1941E32,The Brave Little Bat
S1941E33,The Bug Parade
S1941E34,Robinson Crusoe Jr.
S1941E35,Rookie Revue
S1941E36,Saddle Silly
S1941E37,Porky's Midnight Matinee
S1941E38,The Cagey Canary
S1941E39,Rhapsody in Rivets
S1941E40,Wabbit Twouble
S1941E41,Porky's Pooch
S1942E1,Hop Skip and a Chump
S1942E2,Porky's Pastry Pirates
S1942E3,The Bird Came C.O.D.
S1942E4,Aloha Hooey
S1942E5,Who's Who in the Zoo
S1942E6,Porky's Cafe
S1942E7,Conrad the Sailor
S1942E8,Crazy Cruise
S1942E9,The Wabbit Who Came to Supper
S1942E10,Saps in Chaps
S1942E11,Horton Hatches the Egg
S1942E12,Dog Tired
S1942E13,Daffy's Southern Eosure
S1942E14,The Wacky Wabbit
S1942E15,The Draft Horse
S1942E16,Lights Fantastic
S1942E17,Nutty News
S1942E18,Hold the Lion, Please
S1942E19,Hobby Horse-Laffs
S1942E20,Gopher Goofy
S1942E21,Double Chaser
S1942E22,Bugs Bunny Gets the Boid
S1942E23,Wacky Blackout
S1942E24,Foney Fables
S1942E25,The Ducktators
S1942E26,The Squawkin' Hawk
S1942E27,Fresh Hare
S1942E28,Eatin' on the Cuff or The Moth Who Came to Dinner
S1942E29,FEPop
S1942E30,The Impatient Patient
S1942E31,The Dover Boys at Pimento University or The Rivals of Roquefort Hall
S1942E32,The Hep Cat
S1942E33,The Sheepish Wolf
S1942E34,The Daffy Duckaroo
S1942E35,The Hare-Brained Hypnotist
S1942E36,A Tale of Two Kitties
S1942E37,Ding Dog Daddy
S1942E38,My Favorite Duck
S1942E39,Case of the Missing Hare
S1943E1,Coal Black and de Sebben Dwarfs
S1943E2,Confusions of a Nutzy Spy
S1943E3,Pigs in a Polka
S1943E4,Tortoise Wins by a Hare
S1943E5,To Duck or Not to Duck
S1943E6,The Fifth-Column Mouse
S1943E7,Flop Goes the Weasel
S1943E8,Hop and Go
S1943E9,Super-Rabbit
S1943E10,The Unbearable Bear
S1943E11,The Wise Quacking Duck
S1943E12,Greetings Bait
S1943E13,Tokio Jokio
S1943E14,Yankee Doodle Daffy
S1943E15,Jack-Wabbit and the Beanstalk
S1943E16,The Aristo-Cat
S1943E17,Wackiki Wabbit
S1943E18,Porky Pig's Feat
S1943E19,Tin Pan Alley Cats
S1943E20,Scrap Happy Daffy
S1943E21,Hiss and Make Up
S1943E22,A Corny Concerto
S1943E23,Fin'n Catty
S1943E24,Falling Hare
S1943E25,Inki and the Minah Bird
S1943E26,Daffy- The Commando
S1943E27,An Itch in Time
S1943E28,Puss N' Booty
S1944E1,Little Red Riding Rabbit
S1944E2,What's Cookin' Doc?
S1944E3,Meatless Flyday
S1944E4,Tom Turk and Daffy
S1944E5,Bugs Bunny and the Three Bears
S1944E6,I Got Plenty of Mutton
S1944E7,The Weakly Reporter
S1944E8,Tick Tock Tuckered
S1944E9,Bugs Bunny Nips the Nips
S1944E10,Swooner Crooner
S1944E11,Russian Rhapsody
S1944E12,Duck Soup to Nuts
S1944E13,Angel Puss
S1944E14,Slightly Daffy
S1944E15,Hare Ribbin'
S1944E16,Brother Brat
S1944E17,Hare Force
S1944E18,From Hand to Mouse
S1944E19,Birdy and the Beast
S1944E20,Buckaroo Bugs
S1944E21,Goldilocks and the Jivin' Bears
S1944E22,Plane Daffy
S1944E23,Lost and Foundling
S1944E24,Booby Hatched
S1944E25,The Old Grey Hare
S1944E26,The Stupid Cupid
S1944E27,Stage Door Cartoon
S1945E1,Odor-Able Kitty
S1945E2,Herr Meets Hare
S1945E3,Draftee Daffy
S1945E4,The Unruly Hare
S1945E5,Trap Happy Porky
S1945E6,Life with Feathers
S1945E7,Behind the Meat-Ball
S1945E8,Hare Trigger
S1945E9,Ain't That Ducky
S1945E10,A Gruesome Twosome
S1945E11,Tale of Two Mice
S1945E12,Wagon Heels
S1945E13,Hare Conditioned
S1945E14,Fresh Airedale
S1945E15,The Bashful Buzzard
S1945E16,Peck Up Your Troubles
S1945E17,Hare Tonic
S1945E18,Nasty Quacks
S1946E1,Book Revue
S1946E2,Baseball Bugs
S1946E3,Holiday for Shoestrings
S1946E4,Quentin Quail
S1946E5,Baby Bottleneck
S1946E6,Hare Remover
S1946E7,Daffy Doodles
S1946E8,Hollywood Canine Canteen
S1946E9,Hush My Mouse
S1946E10,Hair-Raising Hare
S1946E11,Kitty Kornered
S1946E12,Hollywood Daffy
S1946E13,Acrobatty Bunny
S1946E14,The Eager Beaver
S1946E15,The Great Piggy Bank Robbery
S1946E16,Bacall to Arms
S1946E17,Of Thee I Sting
S1946E18,Walky Talky Hawky
S1946E19,Racketeer Rabbit
S1946E20,Fair and Worm-er
S1946E21,The Big Snooze
S1946E22,The Mouse-Merized Cat
S1946E23,Mouse Menace
S1946E24,Rhapsody Rabbit
S1946E25,Roughly Squeaking
S1947E1,One Meat Brawl
S1947E2,The Goofy Gophers
S1947E3,The Gay Anties
S1947E4,Scent-imental Over You
S1947E5,A Hare Grows in Manhattan
S1947E6,Birth of a Notion
S1947E7,Tweetie Pie
S1947E8,Rabbit Transit
S1947E9,Hobo Bobo
S1947E10,Along Came Daffy
S1947E11,Inki at the Circus
S1947E12,Easter Yeggs
S1947E13,Crowing Pains
S1947E14,A Pest in the House
S1947E15,The FE Duckling
S1947E16,House Hunting Mice
S1947E17,Little Orphan Airedale
S1947E18,Doggone Cats
S1947E19,Slick Hare
S1947E20,MEcan Joyride
S1947E21,Catch as Cats Can
S1947E22,A Horse Fly Fleas
S1948E1,Gorilla My Dreams
S1948E2,Two Gophers from TEs
S1948E3,A Feather in His Hare
S1948E4,What Makes Daffy Duck
S1948E5,What's Brewin', Bruin?
S1948E6,Daffy Duck Slept Here
S1948E7,A Hick a Slick and a Chick
S1948E8,Back Alley Oproar
S1948E9,I Taw a Putty Tat
S1948E10,Rabbit Punch
S1948E11,Hop, Look and Listen
S1948E12,Nothing But the Tooth
S1948E13,Buccaneer Bunny
S1948E14,Bone Sweet Bone
S1948E15,Bugs Bunny Rides Again
S1948E16,The Rattled Rooster
S1948E17,The Up-Standing Sitter
S1948E18,The Shell Shocked Egg
S1948E19,Haredevil Hare
S1948E20,You Were Never Duckier
S1948E21,Dough Ray Me-ow
S1948E22,Hot Cross Bunny
S1948E23,The Pest That Came to Dinner
S1948E24,Hare Splitter
S1948E25,Odor of the Day
S1948E26,The Foghorn Leghorn
S1948E27,A-Lad-in His Lamp
S1948E28,Daffy Dilly
S1948E29,Kit for Cat
S1948E30,The Stupor Salesman
S1948E31,Riff Raffy Daffy
S1948E32,My Bunny Lies over the Sea
S1948E33,Scaredy Cat
S1949E1,Wise Quackers
S1949E2,Hare Do
S1949E3,Holiday for Drumsticks
S1949E4,Awful Orphan
S1949E5,Porky Chops
S1949E6,Mississippi Hare
S1949E7,Paying the Piper
S1949E8,Daffy Duck Hunt
S1949E9,Rebel Rabbit
S1949E10,Mouse Wreckers
S1949E11,High Diving Hare
S1949E12,The Bee-Deviled Bruin
S1949E13,Curtain Razor
S1949E14,Bowery Bugs
S1949E15,Mouse Mazurka
S1949E16,Long-Haired Hare
S1949E17,Henhouse Henery
S1949E18,Knights Must Fall
S1949E19,Bad Ol' Putty Tat
S1949E20,The Grey Hounded Hare
S1949E21,Often an Orphan
S1949E22,The Windblown Hare
S1949E23,Dough for the Do-Do
S1949E24,Fast and Furry-ous
S1949E25,Each Dawn I Crow
S1949E26,Frigid Hare
S1949E27,Swallow the Leader
S1949E28,Bye, Bye Bluebeard
S1949E29,For Scent-imental Reasons
S1949E30,Hippety Hopper
S1949E31,Which Is Witch
S1949E32,Bear Feat
S1949E33,A Ham in a Role
S1949E34,Rabbit Hood
S1950E1,Home Tweet Home
S1950E2,Hurdy-Gurdy Hare
S1950E3,Boobs in the Woods
S1950E4,Mutiny on the Bunny
S1950E5,The Lion's Busy
S1950E6,The Scarlet Pumpernickel
S1950E7,Homeless Hare
S1950E8,Strife with Father
S1950E9,The Hypo-Chondri-Cat
S1950E10,Big House Bunny
S1950E11,The Leghorn Blows at Midnight
S1950E12,His Bitter Half
S1950E13,An Egg Scramble
S1950E14,8 Ball Bunny
S1950E15,What's Up Doc?
S1950E16,All A Bir-r-r-d
S1950E17,It's Hummer Time
S1950E18,Golden Yeggs
S1950E19,Hillbilly Hare
S1950E20,Dog Gone South
S1950E21,The Ducksters
S1950E22,A Fractured Leghorn
S1950E23,Bunker Hill Bunny
S1950E24,Canary Row
S1950E25,Stooge for a Mouse
S1950E26,Pop 'im Pop!
S1950E27,Bushy Hare
S1950E28,Caveman Inki
S1950E29,Dog Collared
S1950E30,Rabbit of Seville
S1950E31,Two's a Crowd
S1951E1,Hare We Go
S1951E2,A FEIn A Fix
S1951E3,Canned Feud
S1951E4,Rabbit Every Monday
S1951E5,Putty Tat Trouble
S1951E6,Corn Plastered
S1951E7,Bunny Hugged
S1951E8,Scent-imental Romeo
S1951E9,A Bone for a Bone
S1951E10,The Fair-Haired Hare
S1951E11,A Hound for Trouble
S1951E12,Early to Bet
S1951E13,Rabbit Fire
S1951E14,Room and Bird
S1951E15,Chow Hound
S1951E16,French Rarebit
S1951E17,The Wearing of the Grin
S1951E18,Leghorn Swoggled
S1951E19,His Hare Raising Tale
S1951E20,Cheese Chasers
S1951E21,Lovelorn Leghorn
S1951E22,Tweety's S.O.S.
S1951E23,Ballot BEBunny
S1951E24,A Bear for Punishment
S1951E25,Sleepy Time Possum
S1951E26,Drip-Along Daffy
S1951E27,Big Top Bunny
S1951E28,Tweet Tweet Tweety
S1951E29,The Prize Pest
S1952E1,Who's Kitten Who?
S1952E2,Operation: Rabbit
S1952E3,Feed the Kitty
S1952E4,Gift Wrapped
S1952E5,FE by PrE
S1952E6,Thumb Fun
S1952E7,14 Carrot Rabbit
S1952E8,Beep Beep
S1952E9,Little Beau Pepe
S1952E10,Kiddin' the Kitten
S1952E11,Water, Water Every Hare
S1952E12,Going! Going! Gosh!
S1952E13,Little Red Rodent Hood
S1952E14,Sock a Doodle Do
S1952E15,The Hasty Hare
S1952E16,Ain't She Tweet
S1952E17,Oily Hare
S1952E18,The Turn-Tale Wolf
S1952E19,Cracked Quack
S1952E20,Hoppy-Go-Lucky
S1952E21,A Bird in a Guilty Cage
S1952E22,Mouse-Warming
S1952E23,Rabbit Seasoning
S1952E24,The EGGcited Rooster
S1952E25,Tree for Two
S1952E26,The Super Snooper
S1952E27,Rabbit's Kin
S1952E28,Terrier-Stricken
S1952E29,Fool Coverage
S1952E30,Hare Lift
S1953E1,Don't Give Up the Sheep
S1953E2,Snow Business
S1953E3,A Mouse Divided
S1953E4,Forward March Hare
S1953E5,Kiss Me Cat
S1953E6,Duck Amuck
S1953E7,Upswept Hare
S1953E8,A Peck O' Trouble
S1953E9,Fowl Weather
S1953E10,Muscle Tussle
S1953E11,Southern Fried Rabbit
S1953E12,Ant Pasted
S1953E13,Much Ado About Nutting
S1953E14,There Auto Be A Law
S1953E15,Hare Trimmed
S1953E16,Tom Tom Tomcat
S1953E17,Wild Over You
S1953E18,Duck Dodgers in the 24½th Century
S1953E19,Bully for Bugs
S1953E20,Plop Goes the Weasel
S1953E21,Cat-Tails For Two
S1953E22,Streetcat Named Sylvester
S1953E23,Zipping Along
S1953E24,Duck! Rabbit, Duck!
S1953E25,Easy Peckin's
S1953E26,Catty Cornered
S1953E27,Of Rice and Hen
S1953E28,Cats A-Weigh
S1953E29,Robot Rabbit
S1953E30,Punch Trunk
S1954E1,Dog Pounded
S1954E2,Captain Hareblower
S1954E3,I Gopher You
S1954E4,Feline Frame-up
S1954E5,Wild Wife
S1954E6,No Barking
S1954E7,Bugs and Thugs
S1954E8,The Cats Bah
S1954E9,Design for Leaving
S1954E10,Bell Hoppy
S1954E11,No Parking Hare
S1954E12,Dr. Jerkyl's Hide
S1954E13,Claws For Alarm
S1954E14,Little Boy Boo
S1954E15,Devil May Hare
S1954E16,Muzzle Tough
S1954E17,The Oily American
S1954E18,Bewitched Bunny
S1954E19,Satan's Waitin'
S1954E20,Stop! Look! and Hasten!
S1954E21,Yankee Doodle Bugs
S1954E22,Gone Batty
S1954E23,Goo Goo Goliath
S1954E24,By Word of Mouse
S1954E25,From A to Z-Z-Z-Z
S1954E26,Quack Shot
S1954E27,Lumber Jack-Rabbit
S1954E28,My Little Duckaroo
S1954E29,Sheep Ahoy
S1954E30,Baby Buggy Bunny
S1955E1,Pizzicato Pussycat
S1955E2,Feather Dusted
S1955E3,Pests for Guests
S1955E4,Beanstalk Bunny
S1955E5,All Fowled Up
S1955E6,Stork Naked
S1955E7,Lighthouse Mouse
S1955E8,Sahara Hare
S1955E9,Sandy Claws
S1955E10,The Hole Idea
S1955E11,Ready.. Set.. Zoom!
S1955E12,Hare Brush
S1955E13,Past Perfumance
S1955E14,Tweety's Circus
S1955E15,Rabbit Rampage
S1955E16,Lumber Jerks
S1955E17,This is a Life?
S1955E18,Double or Mutton
S1955E19,Jumpin' Jupiter
S1955E20,A Kiddies Kitty
S1955E21,Hyde and Hare
S1955E22,Dime to Retire
S1955E23,Speedy Gonzales
S1955E24,Knight-Mare Hare
S1955E25,Two Scent's Worth
S1955E26,Red Riding Hoodwinked
S1955E27,Roman Legion-Hare
S1955E28,Heir-Conditioned
S1955E29,Guided Muscle
S1955E30,Pappy's Puppy
S1955E31,One Froggy Evening
S1956E1,Bugs' Bonnets
S1956E2,Too Hop to Handle
S1956E3,Weasel Stop
S1956E4,The High and the Flighty
S1956E5,Broom-Stick Bunny
S1956E6,Rocket Squad
S1956E7,Tweet and Sour
S1956E8,Heaven Scent
S1956E9,MEd Master
S1956E10,Rabbitson Crusoe
S1956E11,Gee Whiz-z-z-z-z-z-z
S1956E12,Tree Cornered Tweety
S1956E13,The Unexpected Pest
S1956E14,Napoleon Bunny-Part
S1956E15,Tugboat Granny
S1956E16,Stupor Duck
S1956E17,Barbary-Coast Bunny
S1956E18,Rocket-Bye Baby
S1956E19,Half-Fare Hare
S1956E20,Raw! Raw! Rooster
S1956E21,Slap-hoppy Mouse
S1956E22,A Star is Bored
S1956E23,Deduce, You Say
S1956E24,Yankee Dood It
S1956E25,Wideo Wabbit
S1956E26,There They GO-GO-GO!
S1956E27,Two Crows From Tacos
S1956E28,The Honey-Mousers
S1956E29,To Hare is Human
S1957E1,Three Little Bops
S1957E2,Tweet Zoo
S1957E3,Scrambled Aches
S1957E4,Ali Baba Bunny
S1957E5,Go Fly a Kit
S1957E6,Bedevilled Rabbit
S1957E7,Boyhood Daze
S1957E8,Cheese It, the Cat!
S1957E9,FETerror
S1957E10,Tweety and the Beanstalk
S1957E11,Piker's Peak
S1957E12,Steal Wool
S1957E13,Boston Quackie
S1957E14,What's Opera, Doc?
S1957E15,Tabasco Road
S1957E16,Birds Anonymous
S1957E17,Ducking the Devil
S1957E18,Bugsy and Mugsy
S1957E19,Zoom and Bored
S1957E20,Greedy for Tweety
S1957E21,Touche and Go
S1957E22,Show Biz Bugs
S1957E23,Mouse-taken Identity
S1957E24,Gonzales' Tamales
S1957E25,Rabbit Romeo
S1958E1,Don't E Me
S1958E2,Tortilla Flaps
S1958E3,Hare-Less Wolf
S1958E4,A Pizza Tweety Pie
S1958E5,Robin Hood Daffy
S1958E6,Hare-way to the Stars
S1958E7,Whoa, Be-Gone!
S1958E8,A Waggily Tale
S1958E9,Feather Bluster
S1958E10,Now, Hare This
S1958E11,To Itch His Own
S1958E12,Dog Tales
S1958E13,Knighty Knight Bugs
S1958E14,Weasel While you Work
S1958E15,A Bird in a Bonnet
S1958E16,Hook, Line, and Stinker
S1958E17,Pre-Hysterical Hare
S1958E18,Gopher Broke
S1958E19,Hip Hip- Hurry!
S1958E20,Cat Feud
S1959E1,Baton Bunny
S1959E2,Mouse-Placed Kitten
S1959E3,China Jones
S1959E4,Hare-abian Nights
S1959E5,Trick or Tweet
S1959E6,The Mouse That Jack Built
S1959E7,Apes of Wrath
S1959E8,Hot Rod and Reel
S1959E9,A Mutt in a Rutt
S1959E10,Backwoods Bunny
S1959E11,Really Scent
S1959E12,MEcali Shmoes
S1959E13,Tweet and Lovely
S1959E14,Wild and Woolly Hare
S1959E15,Cat's Paw
S1959E16,Here Today, Gone Tamale
S1959E17,Bonanza Bunny
S1959E18,A Broken Leghorn
S1959E19,Wild About Hurry
S1959E20,A Witch's Tangled Hare
S1959E21,Unnatural History
S1959E22,Tweet Dreams
S1959E23,People are Bunny
S1960E1,The Fastest With the Mostest
S1960E2,West of the Pesos
S1960E3,Horse Hare
S1960E4,Wild Wild World
S1960E5,Goldimouse and the Three Cats
S1960E6,Person to Bunny
S1960E7,Who Scent You?
S1960E8,Hyde and Go Tweet
S1960E9,Rabbit's Feat
S1960E10,Crockett-Doodle-Do
S1960E11,Mouse and Garden
S1960E12,Ready, Woolen and Able
S1960E13,Mice Follies
S1960E14,From Hare to Heir
S1960E15,The DEe Fryer
S1960E16,Hopalong Casualty
S1960E17,Trip for Tat
S1960E18,Dog Gone People
S1960E19,High Note
S1960E20,Lighter Than Hare
S1961E1,Cannery Woe
S1961E2,Zip 'n Snort
S1961E3,Hoppy Daze
S1961E4,The Mouse On 57th Street
S1961E5,Strangled Eggs
S1961E6,Birds of a Father
S1961E7,D'fightin' Ones
S1961E8,The Abominable Snow Rabbit
S1961E9,Lickety-Splat
S1961E10,A Scent of the Matterhorn
S1961E11,Rebel Without Claws
S1961E12,Compressed Hare
S1961E13,The Pied Piper of Guadalupe
S1961E14,Prince Varmint
S1961E15,Daffy's Inn Trouble
S1961E16,What's My Lion?
S1961E17,Beep Prepared
S1961E18,The Last Hungry Cat
S1961E19,Nelly's Folly
S1962E1,Wet Hare
S1962E2,A Sheep in the Deep
S1962E3,Fish and Slips
S1962E4,Quackodile Tears
S1962E5,Crows' Feat
S1962E6,MEcan Boarders
S1962E7,Adventures of the Road Runner
S1962E8,Bill of Hare
S1962E9,Zoom at the Top
S1962E10,The Slick Chick
S1962E11,Louvre Come Back to Me
S1962E12,Honey's Money
S1962E13,The Jet Cage
S1962E14,Mother was a Rooster
S1962E15,Good Noose
S1962E16,Shishkabugs
S1962E17,Martian Through Georgia
S1963E1,I was a Teenage Thumb
S1963E2,Devil's Feud Cake
S1963E3,Fast Buck Duck
S1963E4,The Million Hare
S1963E5,MEcan Cat Dance
S1963E6,Now Hear This
S1963E7,Woolen Under Where
S1963E8,Hare-breadth Hurry
S1963E9,Banty Raids
S1963E10,Philbert
S1963E11,Chili Weather
S1963E12,The Unmentionables
S1963E13,Aqua Duck
S1963E14,Mad as a Mars Hare
S1963E15,Claws in the Lease
S1963E16,Transylvania 6-5000
S1963E17,To Beep or Not to Beep
S1964E1,Dumb Patrol
S1964E2,A Message To Gracias
S1964E3,Bartholomew Versus The Wheel
S1964E4,Freudy Cat
S1964E5,Dr. Devil and Mr. Hare
S1964E6,Nuts and Volts
S1964E7,The Iceman Ducketh
S1964E8,War and Pieces
S1964E9,Hawaiian Aye Aye
S1964E10,False Hare
S1964E11,Senorella And The Glass Huarache
S1964E12,Pancho's Hideaway
S1964E13,Road to Andalay
S1965E1,Zip Zip Hooray!
S1965E2,Roadrunner A Go-Go
S1965E3,It's Nice to Have a Mouse Around the House
S1965E4,Cats and Bruises
S1965E5,The Wild Chase
S1965E6,Moby Duck
S1965E7,Assault and Peppered
S1965E8,Well Worn Daffy
S1965E9,Suppressed Duck
S1965E10,Corn on the Cop
S1965E11,Rushing Roulette
S1965E12,Run, Run Sweet Road Runner
S1965E13,Tease for Two
S1965E14,Tired and Feathered
S1965E15,Boulder Wham!
S1965E16,Chili Corn Corny
S1965E17,Just Plane Beep
S1965E18,Hairied and Hurried
S1965E19,Go Go Amigo
S1965E20,Highway Runnery
S1965E21,Chaser on the Rocks
S1966E1,The Astroduck
S1966E2,Shot and Bothered
S1966E3,Out and Out Rout
S1966E4,Mucho Locos
S1966E5,The Solid Tin Coyote
S1966E6,MEcan Mousepiece
S1966E7,Clippety Clobbered
S1966E8,Daffy Rents
S1966E9,A-Haunting We Will Go
S1966E10,Snow Euse
S1966E11,A Squeak in the Deep
S1966E12,Feather Finger
S1966E13,Swing Ding Amigo
S1966E14 Sugar and Spies
S1966E15 A Taste of Catnip
S1967E1,Daffy's Diner
S1967E2,Quacker Tracker
S1967E3,The Music Mice-Tro
S1967E4,The Spy Swatter
S1967E5,Speedy Ghost to Town
S1967E6,Rodent to Stardom
S1967E7,Go Away Stowaway
S1967E8,Cool Cat
S1967E9,Merlin the Magic Mouse
S1967E10 Fiesta Fiasco
S1968E1,Hocus Pocus Powwow
S1968E2,Norman Normal
S1968E3,Big Game Haunt
S1968E4,Skyscraper Caper
S1968E5,Hippydrome Tiger
S1968E6,Feud with a Dude
S1968E7,The Door
S1968E8,See Ya Later Gladiator
S1968E9,3 Ring Wing-ding
S1968E10 Flying Circus
S1968E11 We Rob Carrot Patches
S1968E12 Chimp & Zee
S1969E1,Fistic Mystic
S1969E2,Rabbit Stew And Rabbits Too!
S1969E3,Shamrock and Roll
S1969E4,Bugged by a Bee
S1969E5,Injun Trouble
S1969E6,The Great Carrot-Train Robbery
S1972E1,Daffy Duck and Porky Pig Meet the Groovie Goolies
S1976E1,Carnival of the Animals
S1977E1,Bugs Bunny's Easter Funnies
S1977E2,Bugs Bunny in Space
S1978E1,A Connecticut Rabbit in King Arthur's Court
S1978E2,Bugs Bunny's Howl-Oween Special
S1978E3,How Bugs Bunny Won The West
S1979E1,Bugs Bunny's Valentine
S1979E2,The Bugs Bunny Mother's Day Special
S1979E3,Bugs Bunny's Thanksgiving Diet
S1979E4,Freeze Frame
S1979E5,Bugs Bunny's Looney Christmas Tales
S1979E6,Fright Before Christmas
S1979E7,Bugs Bunny's Christmas Carol
S1980E1,Daffy Duck's Easter Special
S1980E2,The Chocolate Chase
S1980E3,Portrait of the Artist As A Young Bunny
S1980E4,Spaced -Out- Bunny
S1980E5,Soup or Sonic
S1980E6,Bugs Bunny's Bustin' Out All Over
S1980E7,The Bugs Bunny Mystery Special
S1980E8,Daffy Duck's Thanks-For-Giving Special
S1980E9,Duck Dodgers And The Return Of The 24 ½th Century
S1981E1,Bugs Bunny: All American Hero
S1982E1,Bugs Bunny's Mad World of Television
S1986E1,Bugs Bunny/Looney Tunes 50th Anniversary Special
S1987E1,The DErcist
S1988E1,The Night Of The Living Duck
S1988E2,Bugs vs. Daffy: Battle of the Music Video Stars
S1989E1,Bugs Bunny's Wild World of Sports
S1990E1,Happy Birthday, Bugs!: 50 Looney Years
S1991E1,BEOffice Bunny
S1991E2,Bugs Bunny's Overtures To Disaster
S1992E1,Bugs Bunny's Creature Features
S1992E2,Invasion of the Bunny Snatchers
S1994E1,Chariots of Fur
S1995E1,Carrotblanca
S1995E2,Another Froggy Evening
S1996E1,Marvin The Martian in the Third Dimension
S1996E2,Superior Duck
S1997E1,From Hare To Eternity
S1997E2,Pullet Surprise
S1997E3,Blooper Bunny
S1997E4,Father of the Bird
S2000E1,Little Go Beep
S2003E1,Whizzard of Ow
S2003E2,Museum Scream
S2004E1,Daffy Duck for President
S2005E1,Attack of the Drones
S2005E2,Hare And Loathing In Las Vegas
S2005E3,Cock-A-Doodle Duel
S2005E4,My Generation G...G...Gap
S2006E1,The William Tell Overture
S2010E1,Rabid Rider
S2010E2,Coyote Falls
S2010E3,Fur of Flying
S2011E1,I Tawt I Taw a Puddy Tat
S2012E1,Daffy's Rhapsody
S2014E1,Flash in the Pain